,rep,k,fuv_vals,error_variance,non_zero_ratio,SS_err
0,0,2,0.4295955912028936,43.59518525013038,0.21428571428571427,43.59518525013038
1,1,2,0.55702763837582,54.04873278893544,0.16666666666666666,54.04873278893544
2,2,2,0.5333098005091998,55.67766410508801,0.1746031746031746,55.67766410508801
3,3,2,0.6050112030133694,63.60163122834423,0.16666666666666666,63.60163122834423
4,4,2,0.48200612533879367,49.971247280021885,0.2222222222222222,49.971247280021885
5,5,2,0.5823964009120471,61.644876190414955,0.15079365079365079,61.644876190414955
6,6,2,0.6056039475965743,64.1013239634619,0.1984126984126984,64.1013239634619
7,7,2,0.4148495624731352,40.253107036296356,0.2222222222222222,40.253107036296356
8,8,2,0.46938008704750056,47.97681814910008,0.23015873015873015,47.97681814910008
9,9,2,0.46207670441809956,49.242078913453526,0.21428571428571427,49.242078913453526
10,10,2,0.5275503716495222,57.72669100752688,0.20634920634920634,57.72669100752688
11,11,2,0.4866854531104045,51.864556812645276,0.18253968253968253,51.864556812645276
12,12,2,0.39087664380018183,38.5102128302771,0.21428571428571427,38.5102128302771
13,13,2,0.621962913155638,64.48105303736003,0.20634920634920634,64.48105303736003
14,14,2,0.4142992589824991,44.447922200928545,0.19047619047619047,44.447922200928545
15,0,3,0.5313995119016302,55.478229541285714,0.13756613756613756,55.478229541285714
16,1,3,0.5193432487289755,55.71752257480647,0.15873015873015872,55.71752257480647
17,2,3,0.502003597761416,52.04445462506109,0.13227513227513227,52.04445462506109
18,3,3,0.4434709576589032,46.94004330403881,0.18518518518518517,46.94004330403881
19,4,3,0.4293654580348732,43.57183143017157,0.15343915343915343,43.57183143017157
20,5,3,0.4274842721229761,45.24790157889419,0.15343915343915343,45.24790157889419
21,6,3,0.4808476134451644,51.58753449234544,0.1693121693121693,51.58753449234544
22,7,3,0.4715288536499237,49.909885703169984,0.17989417989417988,49.909885703169984
23,8,3,0.42252207713447154,43.49630049612088,0.17989417989417988,43.49630049612088
24,9,3,0.5353349585076416,57.43318644987028,0.15343915343915343,57.43318644987028
25,10,3,0.47393496467825735,48.44238654838351,0.1693121693121693,48.44238654838351
26,11,3,0.45220836949734833,47.86487159995913,0.14285714285714285,47.86487159995913
27,12,3,0.4674825094502864,49.48159255640634,0.164021164021164,49.48159255640634
28,13,3,0.45543979571289783,45.882719373996885,0.1693121693121693,45.882719373996885
29,14,3,0.5592267456974583,57.16032831986084,0.17989417989417988,57.16032831986084
30,0,4,0.41142955678825743,45.02028274914774,0.14285714285714285,45.02028274914774
31,1,4,0.42301464777313114,43.547007906867336,0.13095238095238096,43.547007906867336
32,2,4,0.44941329931542345,46.91885035630783,0.1626984126984127,46.91885035630783
33,3,4,0.46110648132878995,49.13868525289753,0.12301587301587301,49.13868525289753
34,4,4,0.4655989782601657,48.6086389083609,0.1349206349206349,48.6086389083609
35,5,4,0.4523316468467017,47.55123616284148,0.11904761904761904,47.55123616284148
36,6,4,0.4190243402706432,40.971268826462904,0.15079365079365079,40.971268826462904
37,7,4,0.40902661987873734,41.807900040031654,0.14682539682539683,41.807900040031654
38,8,4,0.36466347642986535,35.383520381342755,0.13095238095238096,35.383520381342755
39,9,4,0.39447421703344016,39.4496579517399,0.15476190476190477,39.4496579517399
40,10,4,0.4553389603123485,49.82502691345282,0.11507936507936507,49.82502691345282
41,11,4,0.467266241614992,49.12123120469621,0.1349206349206349,49.12123120469621
42,12,4,0.46696578033044217,48.7513333544302,0.12301587301587301,48.7513333544302
43,13,4,0.40012608582563464,41.48245951008621,0.14682539682539683,41.48245951008621
44,14,4,0.4338975247690189,43.39221221343686,0.12301587301587301,43.39221221343686
45,0,5,0.36862545372137884,37.94794254142862,0.12063492063492064,37.94794254142862
46,1,5,0.3503112821656027,35.54944592996856,0.10476190476190476,35.54944592996856
47,2,5,0.369570656847404,39.38399680090838,0.13015873015873017,39.38399680090838
48,3,5,0.4199745496397125,45.05679337829682,0.1365079365079365,45.05679337829682
49,4,5,0.3702103301135775,41.03374361893802,0.13968253968253969,41.03374361893802
50,5,5,0.37094369663947263,36.270050338081774,0.12063492063492064,36.270050338081774
51,6,5,0.3900593467154139,39.296046838712954,0.13333333333333333,39.296046838712954
52,7,5,0.41645012744678417,44.67867722182761,0.12063492063492064,44.67867722182761
53,8,5,0.44794228551626464,43.79880125047921,0.11428571428571428,43.79880125047921
54,9,5,0.3496225652690769,34.18531749297641,0.1365079365079365,34.18531749297641
55,10,5,0.3394556389933928,34.19803884171986,0.1365079365079365,34.19803884171986
56,11,5,0.3795617631867549,39.35048483650439,0.11428571428571428,39.35048483650439
57,12,5,0.3840154053007007,38.96972658893336,0.1365079365079365,38.96972658893336
58,13,5,0.4090193777151603,43.58792443333712,0.13968253968253969,43.58792443333712
59,14,5,0.3845462593333952,39.586901030265636,0.13968253968253969,39.586901030265636
60,0,6,0.30998605045339656,30.540655131801362,0.11375661375661375,30.540655131801362
61,1,6,0.2787567369649093,27.877253950101846,0.11904761904761904,27.877253950101846
62,2,6,0.3241985369086039,32.8995351995517,0.10846560846560846,32.8995351995517
63,3,6,0.4319460976966458,45.09527054649075,0.09523809523809523,45.09527054649075
64,4,6,0.3599277278405116,38.356379813135334,0.11904761904761904,38.356379813135334
65,5,6,0.4345802848119535,44.41982067615332,0.10846560846560846,44.41982067615332
66,6,6,0.3905665786012065,39.05887195637123,0.09788359788359788,39.05887195637123
67,7,6,0.40518748741341537,42.88785517285059,0.11375661375661375,42.88785517285059
68,8,6,0.3716038117520412,39.06474538055472,0.12698412698412698,39.06474538055472
69,9,6,0.3029109909472238,31.40383334718157,0.0873015873015873,31.40383334718157
70,10,6,0.34100787753087936,35.60129974027313,0.1111111111111111,35.60129974027313
71,11,6,0.40838237820876067,45.26469534431796,0.10052910052910052,45.26469534431796
72,12,6,0.3714278504036661,39.04624749368245,0.09523809523809523,39.04624749368245
73,13,6,0.3676409978877936,39.70522777188171,0.11375661375661375,39.70522777188171
74,14,6,0.30601903894006693,31.948457057415308,0.09523809523809523,31.948457057415308
75,0,7,0.2845271409032344,29.082415880621753,0.10204081632653061,29.082415880621753
76,1,7,0.30264313029791967,30.712101334824602,0.10657596371882086,30.712101334824602
77,2,7,0.4110423058044709,42.61418190789209,0.07709750566893424,42.61418190789209
78,3,7,0.3220982068532191,33.86048269776698,0.10657596371882086,33.86048269776698
79,4,7,0.3156341395904232,33.18094945898417,0.09523809523809523,33.18094945898417
80,5,7,0.2874589344286636,29.59230030535076,0.10430839002267574,29.59230030535076
81,6,7,0.3230708515365695,35.12205056642174,0.10430839002267574,35.12205056642174
82,7,7,0.3938629229811242,42.255418466087164,0.10204081632653061,42.255418466087164
83,8,7,0.32350573717625086,32.829230165487914,0.11337868480725624,32.829230165487914
84,9,7,0.3347253009956324,33.72148678601805,0.11337868480725624,33.72148678601805
85,10,7,0.3445042390919437,36.712746531439876,0.11564625850340136,36.712746531439876
86,11,7,0.3346648433178091,35.90437732306994,0.1111111111111111,35.90437732306994
87,12,7,0.35795132746551805,36.06136411936063,0.07029478458049887,36.06136411936063
88,13,7,0.36926717173081364,36.92881052439503,0.09297052154195011,36.92881052439503
89,14,7,0.34873529327966213,35.645333514453625,0.10204081632653061,35.645333514453625
90,0,8,0.3237844555075144,35.8879459982025,0.10317460317460317,35.8879459982025
91,1,8,0.2321732285357302,23.39000498273338,0.09722222222222222,23.39000498273338
92,2,8,0.29171749722140106,31.296789313577186,0.10714285714285714,31.296789313577186
93,3,8,0.28844747538991156,29.059284436786832,0.09722222222222222,29.059284436786832
94,4,8,0.2692415642520976,27.716923253285387,0.09325396825396826,27.716923253285387
95,5,8,0.27751954517012256,27.95836361183267,0.08134920634920635,27.95836361183267
96,6,8,0.2964535735381738,29.865848900575934,0.09722222222222222,29.865848900575934
97,7,8,0.3231826167765976,34.90372261187254,0.10119047619047619,34.90372261187254
98,8,8,0.27451250450506154,29.056308257459214,0.08531746031746032,29.056308257459214
99,9,8,0.3830648623189399,39.43439943761087,0.08134920634920635,39.43439943761087
100,10,8,0.3170649578022815,34.91920499551045,0.09126984126984126,34.91920499551045
101,11,8,0.2766739575606508,27.46412509336745,0.10317460317460317,27.46412509336745
102,12,8,0.25884843798674695,26.07736599291427,0.0992063492063492,26.07736599291427
103,13,8,0.2916447854357539,30.659075403178118,0.10714285714285714,30.659075403178118
104,14,8,0.23693685969970185,23.343653398327653,0.0992063492063492,23.343653398327653
105,0,9,0.21929616616299147,22.09272124782174,0.10582010582010581,22.09272124782174
106,1,9,0.23302032871150588,23.475345043072075,0.10052910052910052,23.475345043072075
107,2,9,0.2856701847787616,30.030997202592715,0.08994708994708994,30.030997202592715
108,3,9,0.21719782236502494,21.39891062364351,0.09171075837742504,21.39891062364351
109,4,9,0.2533190943284064,27.177232767375795,0.08994708994708994,27.177232767375795
110,5,9,0.24388406633017679,24.569798863757587,0.08818342151675485,24.569798863757587
111,6,9,0.29633651626544594,31.152292276793816,0.10758377425044091,31.152292276793816
112,7,9,0.2516983843139941,26.277368396844544,0.10229276895943562,26.277368396844544
113,8,9,0.24338232788016315,27.48868181002065,0.08465608465608465,27.48868181002065
114,9,9,0.20151157772758013,20.152300128640825,0.09700176366843033,20.152300128640825
115,10,9,0.31499559091123763,32.885611118704844,0.10052910052910052,32.885611118704844
116,11,9,0.23729838274628862,25.117307390073996,0.09347442680776014,25.117307390073996
117,12,9,0.23269001215776589,23.954144029352236,0.08465608465608465,23.954144029352236
118,13,9,0.26410794935688126,27.572929801282292,0.08465608465608465,27.572929801282292
119,14,9,0.2559994996818457,27.09676336938557,0.09700176366843033,27.09676336938557
120,0,10,0.2825483902266731,30.515226144480696,0.07777777777777778,30.515226144480696
121,1,10,0.21873464466101744,22.03615145804917,0.08253968253968254,22.03615145804917
122,2,10,0.21315115832005974,22.253029262210227,0.09047619047619047,22.253029262210227
123,3,10,0.21418420266381355,22.049073752002588,0.09682539682539683,22.049073752002588
124,4,10,0.19238736736496526,20.502124074113166,0.11746031746031746,20.502124074113166
125,5,10,0.27759266874884936,30.768094440915544,0.06349206349206349,30.768094440915544
126,6,10,0.21574575172083552,22.99135453032287,0.09841269841269841,22.99135453032287
127,7,10,0.2558775741382283,24.636194553082035,0.0761904761904762,24.636194553082035
128,8,10,0.23934150780372343,25.505880954067543,0.08412698412698413,25.505880954067543
129,9,10,0.24353254184956993,25.24786352236358,0.08412698412698413,25.24786352236358
130,10,10,0.21876795370497557,24.402052214795017,0.0873015873015873,24.402052214795017
131,11,10,0.26547201587658925,29.23713742200028,0.06825396825396825,29.23713742200028
132,12,10,0.22871565797011148,24.04366871540673,0.08888888888888889,24.04366871540673
133,13,10,0.28048685087527764,28.257301158020034,0.09523809523809523,28.257301158020034
134,14,10,0.24306215148555368,26.59684168273669,0.06825396825396825,26.59684168273669
135,0,11,0.16995526716954448,17.989244758670257,0.07936507936507936,17.989244758670257
136,1,11,0.1981029980582491,20.393603077885313,0.08513708513708514,20.393603077885313
137,2,11,0.17371986945375162,17.883495449877877,0.0836940836940837,17.883495449877877
138,3,11,0.19709265382399405,19.855855836944237,0.07215007215007214,19.855855836944237
139,4,11,0.18861033695688192,19.96382678830343,0.06349206349206349,19.96382678830343
140,5,11,0.21822694830117492,22.145581641379437,0.07647907647907648,22.145581641379437
141,6,11,0.19923761725247807,21.659749354029323,0.06926406926406926,21.659749354029323
142,7,11,0.18261923854451068,19.592228398270205,0.07936507936507936,19.592228398270205
143,8,11,0.1837686961383761,18.10538366024543,0.07647907647907648,18.10538366024543
144,9,11,0.14726668324385772,14.944562906736378,0.09379509379509379,14.944562906736378
145,10,11,0.16098176431545003,15.979904114905075,0.06782106782106782,15.979904114905075
146,11,11,0.12171214633611517,11.900743197309039,0.06782106782106782,11.900743197309039
147,12,11,0.2134906855536613,22.133320053318357,0.0707070707070707,22.133320053318357
148,13,11,0.18003767358150097,18.270149630285992,0.06782106782106782,18.270149630285992
149,14,11,0.22026634932843256,23.314518791671745,0.07647907647907648,23.314518791671745
150,0,12,0.12667811731876893,13.133159917945843,0.07804232804232804,13.133159917945843
151,1,12,0.13763245877444796,14.368859905226692,0.07275132275132275,14.368859905226692
152,2,12,0.1824188127985562,19.57072580619431,0.07671957671957672,19.57072580619431
153,3,12,0.17653364761781729,18.558049667941063,0.07539682539682539,18.558049667941063
154,4,12,0.10155130257920411,10.155705945576758,0.05026455026455026,10.155705945576758
155,5,12,0.11363169866553657,10.940593935008353,0.06084656084656084,10.940593935008353
156,6,12,0.148913588423882,15.65449877399358,0.08465608465608465,15.65449877399358
157,7,12,0.22112456945503287,23.245657686928173,0.062169312169312166,23.245657686928173
158,8,12,0.20069433024267982,21.24288048578896,0.07275132275132275,21.24288048578896
159,9,12,0.1397177777494281,14.889289530866494,0.07804232804232804,14.889289530866494
160,10,12,0.13615769996427418,13.91710767253883,0.07275132275132275,13.91710767253883
161,11,12,0.24811525062033724,26.440871469735526,0.056878306878306875,26.440871469735526
162,12,12,0.16577583181032765,18.257332170702718,0.06878306878306878,18.257332170702718
163,13,12,0.15273947844364255,15.94603618431865,0.07936507936507936,15.94603618431865
164,14,12,0.1548860167124088,16.057570712225242,0.07275132275132275,16.057570712225242
165,0,13,0.1187801376270169,12.227755279047908,0.05860805860805861,12.227755279047908
166,1,13,0.12022766200885249,13.070328085849006,0.06715506715506715,13.070328085849006
167,2,13,0.1371746364029091,14.221370467893436,0.05860805860805861,14.221370467893436
168,3,13,0.175699574467876,18.087295082720793,0.06593406593406594,18.087295082720793
169,4,13,0.1244390819709899,12.536461527907347,0.06837606837606838,12.536461527907347
170,5,13,0.11651788001496634,12.16449309485047,0.0757020757020757,12.16449309485047
171,6,13,0.16533203934966048,17.380483773810113,0.06837606837606838,17.380483773810113
172,7,13,0.1277784660127908,12.778570969000242,0.057387057387057384,12.778570969000242
173,8,13,0.07805675757852745,7.921167899167914,0.07448107448107448,7.921167899167914
174,9,13,0.11326156290876845,12.393537368992135,0.04395604395604396,12.393537368992135
175,10,13,0.11990956814784738,12.518586105013531,0.05372405372405373,12.518586105013531
176,11,13,0.156660015684246,17.253383155919053,0.040293040293040296,17.253383155919053
177,12,13,0.14654859925140024,14.655690699512196,0.07326007326007326,14.655690699512196
178,13,13,0.16253995478164887,17.20435664234738,0.07692307692307693,17.20435664234738
179,14,13,0.0883507865378859,9.030612367305544,0.054945054945054944,9.030612367305544
180,0,14,0.11108765703182615,11.917992683261392,0.05215419501133787,11.917992683261392
181,1,14,0.12969385787606996,13.914151135513741,0.05215419501133787,13.914151135513741
182,2,14,0.17368573779108246,18.88192400011105,0.05442176870748299,18.88192400011105
183,3,14,0.13838257122758663,14.846316102506103,0.03854875283446712,14.846316102506103
184,4,14,0.09082806041856721,9.4164601413535,0.05215419501133787,9.4164601413535
185,5,14,0.1620298987414209,17.26702295068439,0.05328798185941043,17.26702295068439
186,6,14,0.07414738717769108,7.194566374210862,0.05215419501133787,7.194566374210862
187,7,14,0.12444798220891246,13.082558855340547,0.0691609977324263,13.082558855340547
188,8,14,0.1067114885733057,11.371911829911733,0.05442176870748299,11.371911829911733
189,9,14,0.14266225690235332,15.1003631719195,0.06689342403628118,15.1003631719195
190,10,14,0.06491362663154872,6.347110159529207,0.04081632653061224,6.347110159529207
191,11,14,0.08180043927310726,8.717218694056573,0.04421768707482993,8.717218694056573
192,12,14,0.15736957143500702,16.99591371498076,0.046485260770975055,16.99591371498076
193,13,14,0.06636584040152994,7.167510763365233,0.060090702947845805,7.167510763365233
194,14,14,0.0951891522528088,9.868589662127935,0.045351473922902494,9.868589662127935
195,0,15,0.08860418316115744,9.632440025405423,0.04021164021164021,9.632440025405423
196,1,15,0.06536403069625533,6.965641692973278,0.04656084656084656,6.965641692973278
197,2,15,0.11229905860097497,12.047957392423195,0.05396825396825397,12.047957392423195
198,3,15,0.1149510431116376,12.414712656056862,0.027513227513227514,12.414712656056862
199,4,15,0.10128961949275217,10.278829243422656,0.06772486772486773,10.278829243422656
200,5,15,0.09194919510067545,9.195440764008026,0.016931216931216932,9.195440764008026
201,6,15,0.13782854974938671,14.489187225355028,0.0455026455026455,14.489187225355028
202,7,15,0.07736900167279755,7.564969052451316,0.06455026455026455,7.564969052451316
203,8,15,0.09126391921132897,9.660006469174647,0.03597883597883598,9.660006469174647
204,9,15,0.10241224481300408,10.691861581208876,0.05502645502645503,10.691861581208876
205,10,15,0.09099205309078445,9.499590975796512,0.05185185185185185,9.499590975796512
206,11,15,0.037456872364147284,3.5216679600872034,0.033862433862433865,3.5216679600872034
207,12,15,0.10900665573299646,11.380319576587354,0.06666666666666667,11.380319576587354
208,13,15,0.0999064997463892,10.789901972610034,0.044444444444444446,10.789901972610034
209,14,15,0.07095304639861648,6.9904839828804715,0.061375661375661375,6.9904839828804715
210,0,16,0.10432595202849432,10.815833393974515,0.04265873015873016,10.815833393974515
211,1,16,0.09755903558001812,10.185185436784181,0.03571428571428571,10.185185436784181
212,2,16,0.07541021421963626,7.927477395061988,0.040674603174603176,7.927477395061988
213,3,16,0.06838394975626058,6.889256507417563,0.03968253968253968,6.889256507417563
214,4,16,0.0824354434775989,8.903027895580683,0.040674603174603176,8.903027895580683
215,5,16,0.08567143662435256,8.63086300758897,0.03869047619047619,8.63086300758897
216,6,16,0.09372901859767566,9.511582550549841,0.027777777777777776,9.511582550549841
217,7,16,0.06044407894736844,6.0,0.020833333333333332,6.0
218,8,16,0.0586443938475717,5.864771835969458,0.037698412698412696,5.864771835969458
219,9,16,0.04486414467196949,4.519782810626442,0.023809523809523808,4.519782810626442
220,10,16,0.04454346969347751,4.55292843515463,0.034722222222222224,4.55292843515463
221,11,16,0.07616378070100174,8.116537500735324,0.021825396825396824,8.116537500735324
222,12,16,0.08005754195574899,8.299843125208264,0.041666666666666664,8.299843125208264
223,13,16,0.08871286822328636,9.389985531430096,0.018849206349206348,9.389985531430096
224,14,16,0.05252800431543563,5.673024466067048,0.04365079365079365,5.673024466067048
225,0,17,0.04398732045482574,4.59228622993289,0.022408963585434174,4.59228622993289
226,1,17,0.05571339213619117,5.816490772440611,0.032679738562091505,5.816490772440611
227,2,17,0.07365446801267278,7.796099966280151,0.04201680672268908,7.796099966280151
228,3,17,0.02416831829481473,2.3087868419117967,0.02707749766573296,2.3087868419117967
229,4,17,0.036524704852413686,3.7065121403801444,0.0392156862745098,3.7065121403801444
230,5,17,0.05669602276467211,5.9190776328727575,0.032679738562091505,5.9190776328727575
231,6,17,0.06849818997347358,7.101445001331548,0.040149393090569564,7.101445001331548
232,7,17,0.06704966279688536,7.0,0.0196078431372549,7.0
233,8,17,0.05963416299035028,6.051650519786056,0.036414565826330535,6.051650519786056
234,9,17,0.02603692551836822,2.565227570033609,0.028944911297852476,2.565227570033609
235,10,17,0.09037856437312158,8.633817118351594,0.032679738562091505,8.633817118351594
236,11,17,0.029272586033994054,2.992043283601623,0.02334267040149393,2.992043283601623
237,12,17,0.050474486992002035,5.269547887426915,0.04948646125116713,5.269547887426915
238,13,17,0.0534624912331938,5.425351788919514,0.029878618113912233,5.425351788919514
239,14,17,0.04240707371441893,4.178058372519118,0.03361344537815126,4.178058372519118
240,0,18,0.06770402211693513,7.3120343886289945,0.03262786596119929,7.3120343886289945
241,1,18,0.02817859220431123,2.9213724162836954,0.04938271604938271,2.9213724162836954
242,2,18,0.05690733818218356,5.564273066702393,0.09171075837742504,5.564273066702393
243,3,18,0.10392365576167562,11.000000828733278,0.021164021164021163,11.000000828733278
244,4,18,0.030681818181818185,3.0,0.019400352733686066,3.0
245,5,18,0.052681626519123545,5.4999737545435545,0.02204585537918871,5.4999737545435545
246,6,18,0.058723577536912916,5.91603424673462,0.04056437389770723,5.91603424673462
247,7,18,0.022890090867555467,2.3564076876433493,0.018518518518518517,2.3564076876433493
248,8,18,0.05033880526737499,5.108361412082084,0.02821869488536155,5.108361412082084
249,9,18,0.05677536118363046,6.091120807257408,0.03262786596119929,6.091120807257408
250,10,18,2.0867111314979236e-05,0.002024748586674873,0.01675485008818342,0.002024748586674873
251,11,18,0.014007969469328715,1.5028391281578566,0.019400352733686066,1.5028391281578566
252,12,18,0.08282013178919073,8.404553169831653,0.04056437389770723,8.404553169831653
253,13,18,0.048917383973733256,5.0,0.01763668430335097,5.0
254,14,18,0.02853787257044926,3.0000357650023304,0.018518518518518517,3.0000357650023304
255,0,19,0.06704966279688536,7.0,0.01670843776106934,7.0
256,1,19,0.046586061165098384,4.8635953493689605,0.03258145363408521,4.8635953493689605
257,2,19,0.0475625539257981,5.0,0.015037593984962405,5.0
258,3,19,0.043027996458449756,4.585359912837425,0.03926482873851295,4.585359912837425
259,4,19,0.03885590933621154,3.999999999999999,0.018379281537176273,3.999999999999999
260,5,19,0.05193875974190528,5.308824340422046,0.025898078529657476,5.308824340422046
261,6,19,0.06524702774108322,7.0,0.015873015873015872,7.0
262,7,19,0.039133907178986606,4.0,0.01921470342522974,4.0
263,8,19,0.09228278467350241,9.5,0.015037593984962405,9.5
264,9,19,0.03944606272423788,4.146756163028726,0.023391812865497075,4.146756163028726
265,10,19,0.030126679108455293,3.03507505539785,0.018379281537176273,3.03507505539785
266,11,19,0.04554961704995856,4.385570838869027,0.017543859649122806,4.385570838869027
267,12,19,0.03975997896417328,4.093068945589616,0.018379281537176273,4.093068945589616
268,13,19,0.02617792612880686,2.656525258683513,0.02422723475355054,2.656525258683513
269,14,19,0.07790640596202043,8.076827393613549,0.025898078529657476,8.076827393613549
270,0,20,0.02949986662500766,3.015274349181055,0.020634920634920634,3.015274349181055
271,1,20,0.054952932068228516,5.576601116515639,0.01984126984126984,5.576601116515639
272,2,20,0.07405239466748907,8.155586690267445,0.016666666666666666,8.155586690267445
273,3,20,0.06524702774108322,7.0,0.020634920634920634,7.0
274,4,20,0.0380500472683265,4.000000433922033,0.02142857142857143,4.000000433922033
275,5,20,0.010467972987407573,1.0,0.01904761904761905,1.0
276,6,20,0.033726038361212435,3.4964954056114124,0.03333333333333333,3.4964954056114124
277,7,20,0.028937007874015742,3.0,0.02142857142857143,3.0
278,8,20,0.019307194627391163,2.0016438511662678,0.020634920634920634,2.0016438511662678
279,9,20,0.05352284490264171,5.072654933221798,0.01984126984126984,5.072654933221798
280,10,20,0.07826781435797321,8.0,0.020634920634920634,8.0
281,11,20,0.009879413186673408,1.002558817770072,0.01904761904761905,1.002558817770072
282,12,20,0.010626549127346683,1.1094141385433218,0.018253968253968255,1.1094141385433218
283,13,20,0.040089651673245554,4.097689657195502,0.04285714285714286,4.097689657195502
284,14,20,0.0038859467138754465,0.4056937180956519,0.018253968253968255,0.4056937180956519
285,0,21,0.01471271269184578,1.4604619292477112,0.01436130007558579,1.4604619292477112
286,1,21,0.019567031071546632,2.000007919684889,0.021919879062736205,2.000007919684889
287,2,21,0.08333335492635593,9.00000233204644,0.01889644746787604,9.00000233204644
288,3,21,0.08868778280542985,9.0,0.015873015873015872,9.0
289,4,21,0.0657873130068787,6.91587263265056,0.01889644746787604,6.91587263265056
290,5,21,6.895659281908393e-33,6.690900419557848e-31,0.016628873771730914,6.690900419557848e-31
291,6,21,0.047720706708089415,4.877683844838635,0.022675736961451247,4.877683844838635
292,7,21,0.03835806139114332,4.142670630243479,0.01889644746787604,4.142670630243479
293,8,21,0.035481393795836064,3.495721855642593,0.02343159486016629,3.495721855642593
294,9,21,0.0475625539257981,5.0,0.02040816326530612,5.0
295,10,21,0.04059979055663602,4.0,0.021919879062736205,4.0
296,11,21,0.04968222021939911,5.330136154490522,0.02040816326530612,5.330136154490522
297,12,21,0.009616182615760983,1.0385477225021862,0.021919879062736205,1.0385477225021862
298,13,21,0.029998299416132874,3.0,0.016628873771730914,3.0
299,14,21,0.024350967314227808,2.4532081084728192,0.022675736961451247,2.4532081084728192
300,0,22,0.012946516218991896,1.3796700141218663,0.020202020202020204,1.3796700141218663
301,1,22,0.024035981179341245,2.561439844681,0.023088023088023088,2.561439844681
302,2,22,1.6230920897441574e-31,1.5627322025065066e-29,0.024531024531024532,1.5627322025065066e-29
303,3,22,0.032843220699634,3.499999999999999,0.020202020202020204,3.499999999999999
304,4,22,0.06572591567985367,7.00420665145216,0.022366522366522368,7.00420665145216
305,5,22,0.0475625539257981,5.0,0.021645021645021644,5.0
306,6,22,0.05955703610335823,6.0,0.01948051948051948,6.0
307,7,22,0.038236060960850894,4.01955507062369,0.023088023088023088,4.01955507062369
308,8,22,0.10322240493652782,11.000091025843677,0.022366522366522368,11.000091025843677
309,9,22,0.044245935139908855,4.841568812044087,0.018037518037518036,4.841568812044087
310,10,22,0.03001185918041032,3.0013560532971573,0.023088023088023088,3.0013560532971573
311,11,22,0.019263358596212532,2.038967537944006,0.016594516594516596,2.038967537944006
312,12,22,0.009999433138710956,1.0,0.01948051948051948,1.0
313,13,22,2.5774092442074433e-27,2.5584731762908164e-25,0.015151515151515152,2.5584731762908164e-25
314,14,22,4.4421976477201107e-32,4.5729956895696486e-30,0.017316017316017316,4.5729956895696486e-30
315,0,23,0.018528521691390284,1.893858602632899,0.024844720496894408,1.893858602632899
316,1,23,0.0017152731863731467,0.1740652228416423,0.023464458247066944,0.1740652228416423
317,2,23,0.0738333818510278,7.815037448374606,0.02139406487232574,7.815037448374606
318,3,23,0.010866496886897715,1.189055949601216,0.023464458247066944,1.189055949601216
319,4,23,0.004565832381304545,0.4766739359443354,0.020703933747412008,0.4766739359443354
320,5,23,9.079314790783304e-10,8.945183870461414e-08,0.02139406487232574,8.945183870461414e-08
321,6,23,0.07503176592038645,7.833333376094222,0.018633540372670808,7.833333376094222
322,7,23,0.020454545454545454,2.0,0.01725327812284334,2.0
323,8,23,0.03970469073557216,4.0,0.020013802622498276,4.0
324,9,23,0.05066781077622871,5.399511191019602,0.023464458247066944,5.399511191019602
325,10,23,0.04094921499671375,4.334349052662365,0.022084195997239476,4.334349052662365
326,11,23,0.02240252068533067,2.3062150461065407,0.01932367149758454,2.3062150461065407
327,12,23,0.02999829958846583,3.0000000172342727,0.020013802622498276,3.0000000172342727
328,13,23,0.009512511707504228,1.0000000969612155,0.026224982746721876,1.0000000969612155
329,14,23,0.01393581541295317,1.464998645225644,0.018633540372670808,1.464998645225644
330,0,24,0.024111597815127415,2.552138817717517,0.023809523809523808,2.552138817717517
331,1,24,0.12281885664706459,13.000000000000009,0.01917989417989418,13.000000000000009
332,2,24,0.0705891166286484,7.007050271056036,0.02447089947089947,7.007050271056036
333,3,24,0.009713977334071021,1.000000000001867,0.0205026455026455,1.000000000001867
334,4,24,0.058821752464647395,6.394698112327344,0.01984126984126984,6.394698112327344
335,5,24,0.02971182056683433,3.123446715370611,0.027777777777777776,3.123446715370611
336,6,24,0.0587008607684799,6.0,0.018518518518518517,6.0
337,7,24,0.08278670220853117,9.000003334767587,0.015873015873015872,9.000003334767587
338,8,24,0.020198484382393606,1.9900087271846452,0.02513227513227513,1.9900087271846452
339,9,24,0.07024961521312532,7.334075757868245,0.022486772486772486,7.334075757868245
340,10,24,0.05955703610335824,6.0,0.02513227513227513,6.0
341,11,24,0.10834599222827451,10.994907068471328,0.10449735449735449,10.994907068471328
342,12,24,0.010004604833468071,1.000517198793709,0.01984126984126984,1.000517198793709
343,13,24,0.03296968416389734,3.272745791289727,0.023148148148148147,3.272745791289727
344,14,24,0.03831883589757546,4.000495156785313,0.01917989417989418,4.000495156785313
345,0,25,0.039133907178986606,4.0,0.015873015873015872,4.0
346,1,25,0.003864302413632522,0.38930437104958204,0.019682539682539683,0.38930437104958204
347,2,25,0.05916850558692599,6.43239473719093,0.029206349206349208,6.43239473719093
348,3,25,0.06658757549611734,7.0,0.02158730158730159,7.0
349,4,25,0.028937435562698344,3.000044339969543,0.02603174603174603,3.000044339969543
350,5,25,0.038120950913044384,3.896462547293398,0.024761904761904763,3.896462547293398
351,6,25,0.0005841969179696938,0.059284064787842906,0.024761904761904763,0.059284064787842906
352,7,25,0.04029605263157896,4.0,0.013968253968253968,4.0
353,8,25,0.075580834859732,8.0,0.014603174603174604,8.0
354,9,25,1.7411286464716836e-32,1.7024368987723126e-30,0.018412698412698412,1.7024368987723126e-30
355,10,25,0.06614546955848123,7.0012954666339375,0.029206349206349208,7.0012954666339375
356,11,25,0.03312564519717194,3.5300971013294618,0.02158730158730159,3.5300971013294618
357,12,25,0.07669890507736535,8.00738308211891,0.01650793650793651,8.00738308211891
358,13,25,0.03430273054749605,3.4557861967441146,0.01904761904761905,3.4557861967441146
359,14,25,0.061409428323532245,6.5,0.015238095238095238,6.5
360,0,26,0.010306025870228205,1.0,0.025030525030525032,1.0
361,1,26,0.0191570465133968,2.000000000000103,0.017704517704517704,2.000000000000103
362,2,26,0.0475625539257981,5.0,0.02564102564102564,5.0
363,3,26,0.035865019247372135,3.613177041093536,0.026251526251526252,3.613177041093536
364,4,26,0.06897938662644544,7.0,0.023809523809523808,7.0
365,5,26,0.04682096644303004,4.716920401657458,0.017704517704517704,4.716920401657458
366,6,26,0.0281192189308567,3.016758606952738,0.022588522588522588,3.016758606952738
367,7,26,0.024998582846780037,2.5000000000002647,0.02197802197802198,2.5000000000002647
368,8,26,0.012723906980359145,1.3650790226944263,0.02442002442002442,1.3650790226944263
369,9,26,0.03999773255484383,4.0,0.018925518925518924,4.0
370,10,26,1.2045851792213285e-32,1.2135444522096416e-30,0.017704517704517704,1.2135444522096416e-30
371,11,26,0.07558251717052569,8.000178067447582,0.026251526251526252,8.000178067447582
372,12,26,0.011876833720376798,1.2226540491032338,0.026862026862026864,1.2226540491032338
373,13,26,0.014573844602963772,1.5320712829782324,0.019536019536019536,1.5320712829782324
374,14,26,0.05630266557804622,6.000000162144807,0.018315018315018316,6.000000162144807
375,0,27,0.050585551054921914,5.317791716340545,0.0205761316872428,5.317791716340545
376,1,27,0.06848433756632566,7.000000000316769,0.017048794826572605,7.000000000316769
377,2,27,0.022263507447750238,2.3885310569652676,0.0205761316872428,2.3885310569652676
378,3,27,4.108118890462204e-32,4.108351777020621e-30,0.021164021164021163,4.108351777020621e-30
379,4,27,0.03022203947368422,3.0,0.02821869488536155,3.0
380,5,27,0.0759815921391433,7.877275266670368,0.021164021164021163,7.877275266670368
381,6,27,0.05130915479502541,5.393860354415823,0.012933568489124045,5.393860354415823
382,7,27,0.060165069523263864,6.016848024149081,0.01646090534979424,6.016848024149081
383,8,27,0.039997732554843825,4.0,0.02704291593180482,4.0
384,9,27,0.0006575830523938601,0.06769452200476794,0.0205761316872428,0.06769452200476794
385,10,27,0.0028018543365130434,0.28020131717928914,0.018224573780129337,0.28020131717928914
386,11,27,1.0000113928648167e-32,1.0440141617503988e-30,0.02586713697824809,1.0440141617503988e-30
387,12,27,0.06658757549611734,7.0,0.015873015873015872,7.0
388,13,27,0.02271613664484526,2.3715698167732384,0.02292768959435626,2.3715698167732384
389,14,27,0.0668541393900733,7.124437947337606,0.01646090534979424,7.124437947337606
390,0,28,0.00044726151736592014,0.047018240238285845,0.01984126984126984,0.047018240238285845
391,1,28,0.03831409302679166,4.000000000000003,0.024376417233560092,4.000000000000003
392,2,28,0.052437698501160056,5.282771131540906,0.023809523809523808,5.282771131540906
393,3,28,0.03858348718371657,4.000083977413881,0.023242630385487528,4.000083977413881
394,4,28,0.03833312437347588,4.001986876909333,0.01473922902494331,4.001986876909333
395,5,28,0.05011657001259731,5.195758687020294,0.031179138321995464,5.195758687020294
396,6,28,0.03534795438612341,3.7669216878237086,0.026077097505668934,3.7669216878237086
397,7,28,0.005327896574508516,0.552361522418434,0.021541950113378686,0.552361522418434
398,8,28,0.018808193312300037,1.9635796467005664,0.1621315192743764,1.9635796467005664
399,9,28,0.10956443348090598,11.438551699949324,0.02891156462585034,11.438551699949324
400,10,28,0.0391339071789866,4.0,0.024376417233560092,4.0
401,11,28,0.06397136816358671,7.000005310888983,0.027210884353741496,7.000005310888983
402,12,28,0.029347065570163592,3.1274256089238275,0.015873015873015872,3.1274256089238275
403,13,28,0.030259250253179923,3.202849008941177,0.018140589569160998,3.202849008941177
404,14,28,0.06751968503937007,7.0,0.015873015873015872,7.0
405,0,29,0.05236543894525733,5.504901926308684,0.01751505199781062,5.504901926308684
406,1,29,5.118868178447875e-07,5.08126016734091e-05,0.025177887246852763,5.08126016734091e-05
407,2,29,0.015340909090909093,1.5,0.025177887246852763,1.5
408,3,29,0.028735569770093724,3.0,0.021346469622331693,3.0
409,4,29,0.02978368655550857,3.0005206945309184,0.013136288998357963,3.0005206945309184
410,5,29,4.261564266342408e-14,4.230254814589687e-12,0.019157088122605363,4.230254814589687e-12
411,6,29,0.027416279840850023,3.0000000000001337,0.022441160372194856,3.0000000000001337
412,7,29,0.01012524403150642,0.9748704344166953,0.024630541871921183,0.9748704344166953
413,8,29,0.01970848325742342,2.0000088366844486,0.02736726874657909,2.0000088366844486
414,9,29,0.022272878798180535,2.292869134057141,0.021346469622331693,2.292869134057141
415,10,29,0.0019781656938966685,0.19782778348090213,0.022988505747126436,0.19782778348090213
416,11,29,0.06346686172193301,6.347045961658845,0.02681992337164751,6.347045961658845
417,12,29,1.8168995071492862e-05,0.001870397103748682,0.02736726874657909,0.001870397103748682
418,13,29,0.024278428250170597,2.5522628881585234,0.024630541871921183,2.5522628881585234
419,14,29,0.11483220688935518,11.56862877025005,0.0180623973727422,11.56862877025005
